{
    "accuracy": 0.8370824812542604,
    "balanced accuracy": 0.8613281779948446,
    "precision_macro": 0.8620257247318457,
    "recall_macro": 0.8613281779948446
}