{
    "accuracy": 0.8197000681663258,
    "balanced accuracy": 0.8469814136480803,
    "precision_macro": 0.8473960260985964,
    "recall_macro": 0.8469814136480803
}