{
    "accuracy": 0.8220006816632583,
    "balanced accuracy": 0.8490424184868629,
    "precision_macro": 0.8487236899298001,
    "recall_macro": 0.8490424184868629
}