{
    "accuracy": 0.8354635310156783,
    "balanced accuracy": 0.8604678243567133,
    "precision_macro": 0.8609406114826251,
    "recall_macro": 0.8604678243567133
}