{
    "accuracy": 0.8067484662576687,
    "balanced accuracy": 0.8360308415863971,
    "precision_macro": 0.8362487246654958,
    "recall_macro": 0.8360308415863971
}