{
    "accuracy": 0.7486366734832992,
    "balanced accuracy": 0.78674535341202,
    "precision_macro": 0.7863692980728008,
    "recall_macro": 0.78674535341202
}