{
    "accuracy": 0.8018916155419223,
    "balanced accuracy": 0.8325792520236965,
    "precision_macro": 0.8357246931834186,
    "recall_macro": 0.8325792520236965
}