{
    "accuracy": 0.804107021131561,
    "balanced accuracy": 0.834225342558676,
    "precision_macro": 0.8366834785265237,
    "recall_macro": 0.834225342558676
}