{
    "accuracy": 0.9177215189873418,
    "balanced accuracy": 0.9028619528619529,
    "precision_macro": 0.9035798716649781,
    "recall_macro": 0.9028619528619529
}