{
    "accuracy": 0.9113924050632911,
    "balanced accuracy": 0.8954545454545455,
    "precision_macro": 0.896849593495935,
    "recall_macro": 0.8954545454545455
}