{
    "accuracy": 0.930379746835443,
    "balanced accuracy": 0.9176767676767676,
    "precision_macro": 0.9176767676767676,
    "recall_macro": 0.9176767676767676
}