{
    "accuracy": 0.8402351738241309,
    "balanced accuracy": 0.8649131732465065,
    "precision_macro": 0.8677844658232391,
    "recall_macro": 0.8649131732465065
}