{
    "accuracy": 0.8245569188820723,
    "balanced accuracy": 0.8512108262108263,
    "precision_macro": 0.8519508983422966,
    "recall_macro": 0.8512108262108263
}