{
    "accuracy": 0.8070892978868439,
    "balanced accuracy": 0.83656220322887,
    "precision_macro": 0.838148679066881,
    "recall_macro": 0.83656220322887
}