{
    "accuracy": 0.8386162235855488,
    "balanced accuracy": 0.8636526025414915,
    "precision_macro": 0.8677280710950536,
    "recall_macro": 0.8636526025414915
}