{
    "accuracy": 0.8330777096114519,
    "balanced accuracy": 0.859165423054312,
    "precision_macro": 0.8658384839769088,
    "recall_macro": 0.859165423054312
}