{
    "accuracy": 0.8363156100886162,
    "balanced accuracy": 0.8613383530050197,
    "precision_macro": 0.861912243580445,
    "recall_macro": 0.8613383530050197
}