{
    "accuracy": 0.8271983640081799,
    "balanced accuracy": 0.8534346312124089,
    "precision_macro": 0.853623320900358,
    "recall_macro": 0.8534346312124089
}