{
    "accuracy": 0.8311179277436946,
    "balanced accuracy": 0.8571134626690182,
    "precision_macro": 0.8583588479553824,
    "recall_macro": 0.8571134626690182
}