{
    "accuracy": 0.7909850034083163,
    "balanced accuracy": 0.8231775426219871,
    "precision_macro": 0.8231613497022955,
    "recall_macro": 0.8231775426219871
}