{
    "accuracy": 0.7574130879345603,
    "balanced accuracy": 0.7939300411522634,
    "precision_macro": 0.7924483039774763,
    "recall_macro": 0.7939300411522634
}