{
    "accuracy": 0.8399795501022495,
    "balanced accuracy": 0.8647718536607426,
    "precision_macro": 0.8675594952259954,
    "recall_macro": 0.8647718536607426
}