{
    "accuracy": 0.8260906612133606,
    "balanced accuracy": 0.8528863112196445,
    "precision_macro": 0.8546696401950579,
    "recall_macro": 0.8528863112196445
}