{
    "accuracy": 0.8272835719154737,
    "balanced accuracy": 0.853727445394112,
    "precision_macro": 0.8551209956968494,
    "recall_macro": 0.853727445394112
}