{
    "accuracy": 0.8235344239945467,
    "balanced accuracy": 0.8509937593270926,
    "precision_macro": 0.8565524214864754,
    "recall_macro": 0.8509937593270926
}