{
    "accuracy": 0.821745057941377,
    "balanced accuracy": 0.8488264821598155,
    "precision_macro": 0.8490515607366161,
    "recall_macro": 0.8488264821598155
}