{
    "accuracy": 0.8734177215189873,
    "balanced accuracy": 0.853249890206412,
    "precision_macro": 0.8533266965322714,
    "recall_macro": 0.853249890206412
}