{
    "accuracy": 0.8860759493670886,
    "balanced accuracy": 0.8653198653198654,
    "precision_macro": 0.865520728008089,
    "recall_macro": 0.8653198653198654
}