{
    "accuracy": 0.879746835443038,
    "balanced accuracy": 0.8577441077441077,
    "precision_macro": 0.8577441077441077,
    "recall_macro": 0.8577441077441077
}