{
    "accuracy": 0.8924050632911392,
    "balanced accuracy": 0.8728956228956228,
    "precision_macro": 0.8735224586288416,
    "recall_macro": 0.8728956228956228
}