{
    "accuracy": 0.8924050632911392,
    "balanced accuracy": 0.8756404625969844,
    "precision_macro": 0.8763895802223328,
    "recall_macro": 0.8756404625969844
}