{
    "accuracy": 0.9177215189873418,
    "balanced accuracy": 0.9025252525252525,
    "precision_macro": 0.9027637344118639,
    "recall_macro": 0.9025252525252525
}