{
    "accuracy": 0.9177215189873418,
    "balanced accuracy": 0.9023569023569024,
    "precision_macro": 0.9037940379403794,
    "recall_macro": 0.9023569023569024
}