{
    "accuracy": 0.9050632911392406,
    "balanced accuracy": 0.8880471380471381,
    "precision_macro": 0.8903061224489797,
    "recall_macro": 0.8880471380471381
}