{
    "accuracy": 0.9113924050632911,
    "balanced accuracy": 0.8951178451178451,
    "precision_macro": 0.8951178451178451,
    "recall_macro": 0.8951178451178451
}