{
    "accuracy": 0.8987341772151899,
    "balanced accuracy": 0.8806397306397306,
    "precision_macro": 0.8839316239316238,
    "recall_macro": 0.8806397306397306
}