{
    "accuracy": 0.8987341772151899,
    "balanced accuracy": 0.8804713804713805,
    "precision_macro": 0.8817750677506776,
    "recall_macro": 0.8804713804713805
}