{
    "accuracy": 0.8987341772151899,
    "balanced accuracy": 0.8803030303030304,
    "precision_macro": 0.8805190428041794,
    "recall_macro": 0.8803030303030304
}